scaffold,count,fraction,mean_Fn,max_Fn
O=S(=O)(c1ccccc1)N1CC(c2ccc(-c3ccccc3)cc2)C1,464,0.035637480798771125,1.5756905597389732,7.7795298776799
O=S(=O)(c1ccccc1)N1CCC(c2ccc(-c3ccccc3)cc2)C1,462,0.035483870967741936,1.8151483235779022,7.75599314189786
c1ccc(-c2ccc(C3CCNC3)cc2)cc1,437,0.03356374807987711,1.9740575638984081,11.6845132410561
c1ccc(-c2ccc(C3CNC3)cc2)cc1,426,0.03271889400921659,1.664171405269298,9.58615552670165
c1ccc(CN2CCC(c3ccc(-c4ccccc4)cc3)C2)cc1,384,0.029493087557603687,1.89261218508313,10.9239986194363
c1ccc(CN2CC(c3ccc(-c4ccccc4)cc3)C2)cc1,329,0.025268817204301075,1.8089215052885308,16.0966250876889
O=S(=O)(c1cccnc1)N1CC(c2ccc(-c3ccccc3)cc2)C1,260,0.019969278033794162,1.697161232144852,8.1409735569573
O=S(=O)(c1cccnc1)N1CCC(c2ccc(-c3ccccc3)cc2)C1,249,0.01912442396313364,1.8462225699883068,16.0129216725108
O=S(=O)(c1c[nH]cn1)N1CC(c2ccc(-c3ccccc3)cc2)C1,159,0.012211981566820277,1.565165332624682,7.12978424437733
O=S(=O)(c1cn[nH]c1)N1CC(c2ccc(-c3ccccc3)cc2)C1,132,0.010138248847926268,1.4801475310646033,6.61357879380591
O=S(=O)(c1c[nH]cn1)N1CCC(c2ccc(-c3ccccc3)cc2)C1,123,0.00944700460829493,1.8337280241887062,7.51918620505553
c1ccc(-c2ccc(C3CCN(Cc4ccccn4)C3)cc2)cc1,117,0.008986175115207374,1.7026438079171837,6.811932521192
c1ccc(-c2ccc(C3CN(Cc4ccccn4)C3)cc2)cc1,105,0.008064516129032258,1.536893779801409,6.14788383396903
c1ccc(CCN2CCC(c3ccc(-c4ccccc4)cc3)C2)cc1,97,0.007450076804915514,2.017527383414547,9.96497274543033
O=S(=O)(c1cn[nH]c1)N1CCC(c2ccc(-c3ccccc3)cc2)C1,94,0.007219662058371736,1.9201465389077998,5.83502147429011
c1ccc(-c2ccc(C3CN(Cc4cc[nH]c4)C3)cc2)cc1,93,0.007142857142857143,1.6842690041692545,5.61284042369163
c1ccc(-c2ccc(C3CCN(Cc4cc[nH]c4)C3)cc2)cc1,78,0.005990783410138249,1.8540025259284718,4.61836770745903
c1ccc(-c2ccc(C3CCN(Cc4ccco4)C3)cc2)cc1,75,0.00576036866359447,1.7251413270991416,8.95193760837458
c1ccc(-c2ccc(C3CN(Cc4cccc5ccccc45)C3)cc2)cc1,71,0.0054531490015360985,1.5927786102990285,3.67343908810247
c1ccc(CCN2CC(c3ccc(-c4ccccc4)cc3)C2)cc1,66,0.005069124423963134,1.704881737406571,4.61922517091682
c1ccc(-c2ccc(C3CN(Cc4ccco4)C3)cc2)cc1,59,0.004531490015360983,1.4809001892912406,3.46567705704438
c1ccc(-c2ccc(C3CN(Cc4cccnc4)C3)cc2)cc1,58,0.004454685099846391,1.7759821948769452,4.38779243981196
c1ccc(-c2ccc(C3CN(Cc4cn5c(n4)CCC5)C3)cc2)cc1,55,0.004224270353302612,1.6461143443696813,4.32338006567475
O=S(=O)(C=Cc1ccccc1)N1CC(c2ccc(-c3ccccc3)cc2)C1,54,0.004147465437788019,2.1443313645811664,10.8312230612056
c1ccc(-c2ccc(C3CCN(Cc4cccc5ccccc45)C3)cc2)cc1,53,0.004070660522273425,2.1450724989776635,7.51252684259091
O=S(=O)(c1ccccc1)N1CCC(c2ccc(-c3cccnc3)cc2)C1,50,0.0038402457757296467,1.7047177732386305,4.44778649024053
c1ccc(-c2ccc(C3CCN(Cc4ccc(-c5nn[nH]n5)cc4)C3)cc2)cc1,48,0.003686635944700461,1.829833980818792,5.00551554295533
c1ccc(-c2ccc(C3CCN(Cc4cccc5ncccc45)C3)cc2)cc1,46,0.003533026113671275,1.8738754074002129,5.14379243188744
c1cncc(-c2ccc(C3CCNC3)cc2)c1,45,0.0034562211981566822,1.6037354675057167,3.05719453742678
c1ccc(-c2ccc(C3CN(CC4CC4)C3)cc2)cc1,44,0.003379416282642089,1.6086813436241287,3.43364485034604
c1ccc(-c2ccc(C3CCN(Cc4cn5c(n4)CCC5)C3)cc2)cc1,43,0.0033026113671274964,1.8780962309033342,6.40826307246387
c1ccc(-c2ccc(C3CN(Cc4cccc5ncccc45)C3)cc2)cc1,42,0.0032258064516129032,1.8396245209381503,12.0598670374125
c1ccc(CN2CCC(c3ccc(-c4cccnc4)cc3)C2)cc1,42,0.0032258064516129032,2.0068421223504336,8.65483620234545
c1ccc(-c2ccc(C3CCN(Cc4cccnc4)C3)cc2)cc1,42,0.0032258064516129032,1.8163348962186827,5.98512534885318
O=S(=O)(c1nnc[nH]1)N1CCC(c2ccc(-c3ccccc3)cc2)C1,42,0.0032258064516129032,1.7263262117224232,3.77022228260888
c1ccc(-c2ccc(C3CN(CC4COC4)C3)cc2)cc1,42,0.0032258064516129032,1.5333357462029982,2.82375070036941
O=S(=O)(c1ccccc1)N1CC(c2ccc(-c3cccnc3)cc2)C1,42,0.0032258064516129032,1.373715280978833,2.62383121065771
c1ccc(-c2ccc(C3CCN(CC4CC4c4ccccc4)C3)cc2)cc1,41,0.0031490015360983105,2.0232233408065095,8.93604563670932
c1ccc(-c2ccc(C3CCN(CCN4CCOCC4)C3)cc2)cc1,41,0.0031490015360983105,2.2555461897792095,8.13871852201554
c1ccc(-c2ccc(C3CN(Cc4csnn4)C3)cc2)cc1,40,0.0030721966205837174,1.6124718322627625,4.54420214603482
c1ccc(-c2ccc(C3CCN(Cc4cc[nH+]cc4)C3)cc2)cc1,40,0.0030721966205837174,1.7600994719430711,4.33882325704616
c1ccc(-c2ccc(C3CCN(Cc4ccc5ccccc5n4)C3)cc2)cc1,40,0.0030721966205837174,1.7082341671646588,3.84666115464213
O=S(=O)(C1CC1)N1CC(c2ccc(-c3ccccc3)cc2)C1,39,0.0029953917050691246,1.5811157548631922,2.97862207300513
O=C1COc2ccc(CN3CC(c4ccc(-c5ccccc5)cc4)C3)nc2N1,39,0.0029953917050691246,1.4795316836878323,2.75945658351844
c1cncc(-c2ccc(C3CNC3)cc2)c1,39,0.0029953917050691246,1.5402545192611743,2.72656854730617
c1ccc(-c2ccc(C3CN(Cc4cc[nH]n4)C3)cc2)cc1,37,0.0028417818740399388,1.7438836422924149,5.69784056697523
c1ccc(-c2ccc(C3CN(Cc4cccc(-c5nn[nH]n5)c4)C3)cc2)cc1,37,0.0028417818740399388,1.5266635115412182,5.44347699985433
c1ccc(-c2ccc(C3CN(Cc4cn[nH]c4)C3)cc2)cc1,37,0.0028417818740399388,1.5824351773186065,4.29613825313353
O=S(=O)(c1nnc[nH]1)N1CC(c2ccc(-c3ccccc3)cc2)C1,37,0.0028417818740399388,1.5706511658717952,3.002495596857
c1ccc(-c2ccc(C3CN(Cc4cccc5ccoc45)C3)cc2)cc1,36,0.0027649769585253456,1.5731648282179238,6.29684567864385
c1ccc(-c2ccc(C3CCN(CC4CC4)C3)cc2)cc1,36,0.0027649769585253456,1.963007493342565,5.92244814601472
c1ccc(-c2ccc(C3CN(Cc4ccncc4)C3)cc2)cc1,36,0.0027649769585253456,1.7313302578025958,5.14359160826178
c1ccc(-c2ccc(C3CCN(Cc4cccc(-c5nn[nH]n5)c4)C3)cc2)cc1,36,0.0027649769585253456,1.9865286930717305,4.89031566184332
c1ccc(-c2ccc(C3CCN(Cc4ccccc4-n4cccc4)C3)cc2)cc1,36,0.0027649769585253456,1.673837084407007,3.8074040942915
O=S(=O)(c1ncc[nH]1)N1CCC(c2ccc(-c3ccccc3)cc2)C1,35,0.002688172043010753,2.0998960590178886,6.15260351648126
c1ccc(-c2ccc(C3CN(Cc4ccc5c(c4)CCC5)C3)cc2)cc1,35,0.002688172043010753,1.898494709562922,5.61253471621914
O=C1COc2ccc(CN3CCC(c4ccc(-c5ccccc5)cc4)C3)nc2N1,35,0.002688172043010753,1.8659210699661295,4.76906048596136
c1ccc(-c2ccc(C3CN(Cc4cnc5[nH]ccc5c4)C3)cc2)cc1,35,0.002688172043010753,1.472097754597186,3.53452732856207
c1ccc(-c2ccc(C3CCN(Cc4cnc5[nH]ccc5c4)C3)cc2)cc1,35,0.002688172043010753,1.693427016431703,3.25687400600394
c1ccc(COCCN2CCC(c3ccc(-c4ccccc4)cc3)C2)cc1,34,0.0026113671274961598,2.05227102211933,6.6479300997988
c1ccc(-c2ccc(C3CN(CC4CCOCC4)C3)cc2)cc1,34,0.0026113671274961598,1.5621373086797279,3.35361430499368
c1ccc(-c2ccc(C3CCN(Cc4csnn4)C3)cc2)cc1,33,0.002534562211981567,2.422453920918984,10.4086467399269
c1ccc(-c2ccc(C3CCN(Cc4cncnc4)C3)cc2)cc1,33,0.002534562211981567,1.8876051648665655,4.8800949666962
c1ccc(-c2ccc(C3CCN(Cc4cn(-c5ccccc5)nn4)C3)cc2)cc1,33,0.002534562211981567,1.8571804065163706,4.06015207028246
O=S(=O)(c1ccoc1)N1CCC(c2ccc(-c3ccccc3)cc2)C1,33,0.002534562211981567,1.732204344361617,4.03467028981175
c1ccc(-c2ccc(C3CCN(Cc4c[nH]nn4)C3)cc2)cc1,33,0.002534562211981567,1.6441949616679272,3.77749508963132
c1ccc(-c2ccc(C3CCN(Cc4ccc5c(c4)CCC5)C3)cc2)cc1,32,0.002457757296466974,2.005188728632648,8.24125963663627
c1ccc(-c2ccc(C3CCN(Cc4scc5c4OCCO5)C3)cc2)cc1,32,0.002457757296466974,1.8928881650636247,5.76354727825135
c1ccc(-c2ccc(C3CCN(Cc4ccncn4)C3)cc2)cc1,32,0.002457757296466974,1.8224111607579336,5.20232874205236
O=S(=O)(c1ccsc1)N1CC(c2ccc(-c3ccccc3)cc2)C1,32,0.002457757296466974,1.5636596476694367,3.29992439331237
c1ccc(-c2ccc(C3CN(Cc4cc[nH+]cc4)C3)cc2)cc1,32,0.002457757296466974,1.652102058072297,3.26107396234269
O=S(=O)(c1cnc2n1CCC2)N1CCC(c2ccc(-c3ccccc3)cc2)C1,31,0.002380952380952381,1.8169652325392398,5.23402087111463
O=S(=O)(c1cnc2n1CCC2)N1CC(c2ccc(-c3ccccc3)cc2)C1,31,0.002380952380952381,1.8713414686309044,5.20443210364639
c1ccc(-c2ccc(C3CCN(Cc4ccc5ncccc5c4)C3)cc2)cc1,31,0.002380952380952381,1.5821667550859535,5.05756726120435
O=C1CCC(CCN2CC(c3ccc(-c4ccccc4)cc3)C2)O1,31,0.002380952380952381,1.7991468017080525,4.91060528255798
c1ccc(-c2ccc(C3CN(Cc4ccncn4)C3)cc2)cc1,31,0.002380952380952381,1.4831902448710619,4.31742953334864
O=S(=O)(c1cnn[nH]1)N1CCC(c2ccc(-c3ccccc3)cc2)C1,31,0.002380952380952381,1.5455468181364327,3.47504154941356
O=S(=O)(c1cncnc1)N1CCC(c2ccc(-c3ccccc3)cc2)C1,31,0.002380952380952381,1.8057703357543822,3.41204264512287
c1ccc(-c2ccc(C3CCN(Cc4cnon4)C3)cc2)cc1,31,0.002380952380952381,1.8176007326927441,3.37121531605851
c1ccc(-c2ccc(C3CCN(Cc4cn[nH]c4)C3)cc2)cc1,30,0.002304147465437788,1.7442303372050874,5.67548968938348
c1ccc(-c2ccc(C3CCN(CC4CC5(CC5)C4)C3)cc2)cc1,30,0.002304147465437788,1.878692785197508,4.99988800645324
O=S(=O)(C=Cc1ccccc1)N1CCC(c2ccc(-c3ccccc3)cc2)C1,30,0.002304147465437788,1.8448168655805857,4.95966895057103
O=S(=O)(c1ccoc1)N1CC(c2ccc(-c3ccccc3)cc2)C1,30,0.002304147465437788,1.760404987112424,4.59078096530474
c1ccc(-c2ccc(C3CN(Cc4cn(-c5ccccc5)nn4)C3)cc2)cc1,30,0.002304147465437788,1.560923562406916,3.68304322676157
O=S(=O)(C1CC1)N1CCC(c2ccc(-c3ccccc3)cc2)C1,29,0.0022273425499231953,1.9307518357068134,5.05580072634735
c1ccc(-c2ccc(C3CN(Cc4cnon4)C3)cc2)cc1,29,0.0022273425499231953,1.6615027197537162,4.30399919235462
O=S(=O)(c1ncc[nH]1)N1CC(c2ccc(-c3ccccc3)cc2)C1,29,0.0022273425499231953,1.7414160130200813,3.69746907341491
c1ccc(-c2ccc(C3CN(CC4CC5(CC5)C4)C3)cc2)cc1,29,0.0022273425499231953,1.6630186008474646,3.45514252455838
c1ccc(-c2ccc(C3CN(Cc4c[nH]nn4)C3)cc2)cc1,29,0.0022273425499231953,1.5970514633033268,2.33314695306873
c1ccc(-c2ccc(C3CCN(CC4COC4)C3)cc2)cc1,28,0.002150537634408602,2.0062090917718605,4.87375234300915
c1ccc(-c2ccc(C3CN(CCN4CCOCC4)C3)cc2)cc1,28,0.002150537634408602,1.5505191040023754,4.52938897851915
c1ccc(-c2ccc(C3CN(Cc4cncnc4)C3)cc2)cc1,28,0.002150537634408602,1.6653975198532682,4.36427257806181
c1ccc(-c2ccc(C3CN(Cc4ccc5ncccc5c4)C3)cc2)cc1,28,0.002150537634408602,1.3604671432813342,4.1798819318618
O=S(=O)(c1cncnc1)N1CC(c2ccc(-c3ccccc3)cc2)C1,28,0.002150537634408602,1.5948568412159283,3.75506924215413
c1ccc(-c2ccc(C3CN(Cc4ccc5ccccc5n4)C3)cc2)cc1,28,0.002150537634408602,1.4977249223192393,3.65685189218517
c1ccc(COCCN2CC(c3ccc(-c4ccccc4)cc3)C2)cc1,28,0.002150537634408602,1.8618473056596812,3.57066705230862
c1ccc(-c2ccc(C3CCN(CCC4CCOCC4)C3)cc2)cc1,27,0.0020737327188940094,2.0720812188211424,5.05606720295099
O=S(=O)(c1cccnc1)N1CCC(c2ccc(-c3cccnc3)cc2)C1,27,0.0020737327188940094,1.6582174294451073,4.68688428462175
c1ccc(-c2ccc(C3CCN(Cc4cccc5ccoc45)C3)cc2)cc1,27,0.0020737327188940094,1.9787528133571215,4.63467736997269
c1ccc(-c2ccc(C3CCN(CC4CCC4)C3)cc2)cc1,26,0.0019969278033794163,1.9601453917651985,5.03001142755474
