smiles_b,count,fraction,mean_target_enrichment,max_target_enrichment,mean_seq_target_sum
CCCC1CCC(CC1)C(O)=O,32,0.032,2.058926697600283,25.984325509611224,14.90625
OC(=O)C1=CC2=CC=CC(F)=C2N1,22,0.022,1.4222293641002524,7.748385948952451,14.909090909090908
CC(C)(C)C1CCC(CC1)C(O)=O,14,0.014,0.8983311579298935,3.3393732064970156,13.285714285714286
CC(C)(C)[C@H]1CC[C@@H](CC1)C(O)=O,12,0.012,0.7832054148264713,1.6808830935928722,9.583333333333334
OC(=O)C1=NNC2=NC=CC=C12,11,0.011,0.7245599993541725,2.333123294505326,23.181818181818183
COC1=CC(C=O)=NC=C1,11,0.011,0.5905187951008536,0.8606776061675306,9.272727272727273
COC1=C(OC)C(OC)=C(C=C1)C(O)=O,8,0.008,0.4359967368955499,0.6637503123568462,6.75
CC(C)(C)OC(=O)N[C@H](C(O)=O)C1=CC=CC=C1,8,0.008,1.003272421044143,4.385798465110167,9.375
OC(=O)C1=CC2=C(N1)C=C(F)C=C2,7,0.007,0.5211053134462726,1.2999580918222984,6.428571428571429
CC(C)(C)C1=CC=C(C=O)C=C1,7,0.007,0.5088305730777622,0.6198946943311969,6.714285714285714
COC1=CC2=C(NC(=C2)C(O)=O)C=C1,7,0.007,0.7640173920716073,1.876437703401844,10.285714285714286
CC1=CC2=C(NC(=C2)C(O)=O)C=C1,7,0.007,0.6965871214157745,2.3086852502947997,11.428571428571429
OC(=O)C1=CC(=NC=C1)[N+]([O-])=O,6,0.006,1.203321128156456,5.043752957312784,12.166666666666666
CC1=C(O)C=C(C=C1)C(O)=O,5,0.005,0.756423340531687,1.4885713766311754,9.6
Nc1ncc(s1)C(O)=O,5,0.005,1.0724440941138578,3.7129502116526285,19.8
CN1N=C(C)C2=C1N=C(C)C=C2C(O)=O,5,0.005,0.9408051843266033,2.0748659237874336,12.4
OC(=O)\\C=C\\C1=CC(F)=CC(F)=C1,5,0.005,0.5072106301466395,0.6637503123568462,6.4
CC1=CC(C=O)=C(O)C=C1,5,0.005,0.5745670734399337,1.1128808277295967,7.4
CC1=C(C=C(O)C=C1)C(O)=O,4,0.004,1.2595579839640634,2.8016261674323046,17.0
CC1=CC=C(Cl)C(C=O)=C1F,4,0.004,0.40132015898044204,0.7002871967027139,8.0
COC1=CC=CC(=C1)C1(CCC1)C(O)=O,4,0.004,0.405178162700206,0.5932255307740274,7.75
OCC1CCC(CC1)C(O)=O,4,0.004,0.32941910324151086,0.3895480581247732,5.75
OC1=CC=C(OC(F)(F)F)C=C1C=O,4,0.004,0.3635509926129505,0.4401028578767641,9.0
CCOC1=CC=CC(C=O)=C1O,4,0.004,0.3579763265434188,0.4401028578767641,7.5
ClC1=CC(C=O)=CC(Br)=C1,4,0.004,1.496880075352458,2.128431506234353,20.0
OC(=O)C1=CC=C(Br)O1,4,0.004,0.4902592413921752,0.6206938156912712,11.0
OC(=O)CC1CCCC1,4,0.004,0.7390051342017879,1.6630059222591542,11.5
OC(=O)\\C=C\\C1=C(F)C=C(F)C=C1,4,0.004,0.6212932826148946,0.9362822016037138,7.5
COC(=O)CC(NC(=O)OC(C)(C)C)C(O)=O,4,0.004,0.6257709921927274,1.2167912069736715,9.0
OC(=O)CCC=C,4,0.004,0.500112710454904,1.0469807940290552,10.75
OC(=O)C1=CC(F)=C(C=C1)C(F)(F)F,4,0.004,0.49424869733635884,0.7072410154671339,7.25
CC(C)(C)OC(=O)N[C@@H](CO)C(O)=O,4,0.004,0.45189508214207275,0.7386282302401335,6.25
OC(=O)CC1=CC=C(O)C=C1,4,0.004,0.3660371624213242,0.47805972183107326,5.5
CCN(CC)C1=CC2=C(C=C1)C=C(C(O)=O)C(=O)O2,4,0.004,0.4222132819023528,0.5969005712656835,5.5
CC(=O)NCCCCCC(O)=O,4,0.004,1.4326691468602732,3.0483040682785503,12.25
COC1=CC=C(Br)C(C=O)=C1,4,0.004,0.4428069107076588,0.6637503123568462,8.5
CSC1=C(C=CC=N1)C(O)=O,4,0.004,0.754141572387342,1.908356943072268,14.0
OC(=O)C1=CC=CC=C1N1CCOCC1,4,0.004,0.8306918352151514,2.217984171467856,13.5
CC1=CC(C)=C(C=C1)C(O)=O,4,0.004,0.4719511993811606,0.758309749116324,8.5
COC1=CC(C)=C(C=C1)C(O)=O,4,0.004,0.5570148172522259,1.2423538272856616,7.75
OC(=O)C1CCC(CC1)C1=CC=C(Cl)C=C1,4,0.004,0.3969897141084241,0.5314020090077992,7.0
OC(=O)c1cccc2cn[nH]c12,4,0.004,0.6192333311591689,0.8929652169692355,9.25
OC(=O)C1CC1(F)F,4,0.004,0.2984123671281334,0.31137333390223665,6.5
OC(=O)C1=CN=C(C=C1)C1=CC=CC=C1,4,0.004,0.40841918704847463,0.7473381834482723,6.5
CC1=C(C=CC=C1CC(O)=O)[N+]([O-])=O,4,0.004,0.30574080839888895,0.32100780130059087,6.25
OC(=O)CN1CCCCC1,4,0.004,0.6543082279246988,1.265851601377621,8.5
COCCC(O)=O,3,0.003,0.3552947615542037,0.4401028578767641,6.0
CC(C)(C)OC(=O)N1CCC(CC1)C(O)=O,3,0.003,0.640664413926231,0.9953946814137544,13.0
OC(=O)C1=NNC2=CC=CC=C12,3,0.003,0.35218561580863234,0.4401028578767641,5.333333333333333
CC(C)(C)C1=CC(=CC(=C1)C(O)=O)C(C)(C)C,3,0.003,1.7540770552674623,2.891919053766411,12.0
CC(C(O)=O)C1=CC=C(C=C1)[N+]([O-])=O,3,0.003,0.3764983494694395,0.4401028578767641,5.666666666666667
OC(=O)C1=CSC=C1Br,3,0.003,0.5227741340902764,0.9855548860444037,7.0
OC(=O)\\C=C\\C1=CC=C(C=C1)C1=CC=CC=C1,3,0.003,0.3639841854479092,0.5051226099819728,5.333333333333333
CCC1=CC=C(C=O)C=C1[N+]([O-])=O,3,0.003,0.4232512579594338,0.4401028578767641,5.666666666666667
CN(CCC=O)C(=O)OC(C)(C)C,3,0.003,0.6146648494460858,0.7629316941710343,8.333333333333334
OC(=O)[C@H]1CCCO1,3,0.003,0.46954226523962217,0.6637503123568462,7.0
CC(C)[C@@H](NC(=O)OC(C)(C)C)C(O)=O,3,0.003,0.294092044870099,0.2954461882485421,4.333333333333333
OC(=O)c1cccc2cc[nH]c12,3,0.003,0.3862899247695714,0.4682270347030328,6.666666666666667
OC(=O)CC1NC(=O)NC1=O,3,0.003,1.2584253307234265,2.625672881178874,18.666666666666668
CC1=CC(C(O)=O)=C(O)C=C1,3,0.003,0.605495972452414,0.9362822016037138,6.0
OC(=O)\\C=C\\C1=COC=C1,3,0.003,0.5099793709014171,0.7002871967027139,9.333333333333334
CC1=C(C=CC=C1C(F)(F)F)C(O)=O,3,0.003,2.1247166387079637,4.6041252979018505,23.666666666666668
CC1=NC=C(C=N1)C(O)=O,3,0.003,2.095933698566662,4.385798465110167,15.333333333333334
OC(=O)\\C=C\\C1=CC=CS1,3,0.003,0.4646071083124954,0.7072410154671339,7.666666666666667
OC(=O)C1=CC2=C(Br)C=CC=C2N1,3,0.003,1.1639067171168587,1.6808830935928722,11.333333333333334
OC(=O)C1=CC=C(OC2=CC=CC=C2)N=C1,3,0.003,0.3026125825541153,0.32100780130059087,5.333333333333333
O=CC1=CC=C(C=C1)N1C=CN=C1,3,0.003,0.34777955262472227,0.39519655135713944,6.333333333333333
OC(=O)COC1=CC=C2C=CC=CC2=C1,3,0.003,1.3005252800831908,3.101007042019057,10.0
OC(=O)C1=CC=C(S1)C1=CC=CC=C1,3,0.003,0.3268134782072858,0.3895480581247732,5.0
OC(=O)C1=CC=C(C=C1)[N+]([O-])=O,3,0.003,0.35650213803881164,0.47805972183107326,6.666666666666667
ClC1=C(C=O)C=C(Br)C=C1,3,0.003,1.3189928716109365,2.474545103631671,14.666666666666666
COC1=CC=C(\\C=C\\C=O)C=C1,3,0.003,0.6931545843760866,1.4885713766311754,6.333333333333333
CC(C)(C)OC(=O)N[C@H]1CC[C@H](CC1)C(O)=O,3,0.003,0.5108131950673942,0.9362822016037138,6.333333333333333
O=CCOCC1=CC=CC=C1,3,0.003,0.36024837117291075,0.39519655135713944,7.0
CC1=NC(=C(S1)C(O)=O)C1=CC=CC=C1,3,0.003,0.36391096889030866,0.4051525972005737,8.0
CCC(C)C(O)=O,3,0.003,0.4101624362387459,0.5051226099819728,7.666666666666667
OC(=O)C1CN(C1)C(=O)OCC1c2ccccc2-c2ccccc12,3,0.003,0.4921928699760497,0.5696264373840851,8.333333333333334
OC(=O)C1=CC=C2N=CC=NC2=C1,3,0.003,1.240379643677978,2.333123294505326,15.333333333333334
COC(=O)[C@H]1CC[C@@H](CC1)C(O)=O,3,0.003,1.3368924979059325,2.2326596800644256,18.333333333333332
OC(=O)C1=CC(O)=CC(F)=C1,3,0.003,0.47433443507077266,0.5361629471045315,11.333333333333334
OC(=O)CSCC1=CC=CC=C1,3,0.003,0.3304513116518695,0.39519655135713944,5.666666666666667
OC(=O)C1=C(C=CC=C1)N1N=CC=N1,3,0.003,0.35833832587161973,0.47479516388106097,7.333333333333333
OC(=O)[C@@H]1CCCO1,3,0.003,0.44635663910945705,0.5696264373840851,7.333333333333333
CC(C)(C)OC(=O)N[C@H]1CC[C@@H](CC1)C(O)=O,3,0.003,0.3738588665103686,0.5051226099819728,6.0
OC(=O)c1ccc2[nH]ccc2c1,3,0.003,0.36415743405592427,0.40182956256209124,6.333333333333333
OC(=O)C1=CC(F)=C(Cl)C=C1Cl,3,0.003,0.4679065986382651,0.48555721620695796,9.0
[O-][N+](=O)C1=C(C=O)C=CC=C1,3,0.003,0.8706622498423834,1.876437703401844,7.333333333333333
COC1=C(O)C=C(C=C1)C(O)=O,3,0.003,0.39904012833316055,0.5969005712656835,5.333333333333333
CC1=CC=CC(=N1)C(O)=O,3,0.003,0.38217372687032786,0.4299185104857227,9.666666666666666
O=CCN1C(=O)C2=C(C=CC=C2)C1=O,3,0.003,0.891508827732737,2.0748659237874336,9.333333333333334
CCCCCCCCC(O)=O,3,0.003,0.5189474896040196,0.5932255307740274,11.666666666666666
O=CC1=CC(=CC=C1)C#N,3,0.003,0.714858711990374,1.4236099006846685,14.333333333333334
O=CC1=CN=CS1,3,0.003,1.0464041634578811,1.2999580918222984,9.666666666666666
CC1=C(SC(=N1)C1=CC=CC=C1)C(O)=O,3,0.003,1.5445689698919498,3.3393732064970156,15.666666666666666
COC1=CC=CC(CCC(O)=O)=C1OC,3,0.003,0.3467742238701874,0.4401028578767641,5.0
Cn1cc(cn1)C(O)=O,3,0.003,0.390529824622247,0.4401028578767641,5.0
CC(NC(=O)OCC1=CC=CC=C1)C(O)=O,3,0.003,0.4421659607928481,0.6198946943311969,7.666666666666667
CC1=CC=C(C=O)C(Br)=C1,3,0.003,0.412535806043558,0.5469646785249924,6.666666666666667
OC(=O)C1=CC(Cl)=C(F)C=C1F,3,0.003,0.5663098905299587,0.8106453422109797,14.0
CN1C=CC=C1C(O)=O,3,0.003,0.5191410611159626,0.6263247789313159,9.333333333333334
BrC1=NC(C=O)=CS1,2,0.002,0.3677745230626531,0.4401028578767641,4.5
CN(C)C1=CC=CC(=C1)C(O)=O,2,0.002,0.31430986822869944,0.33723597834418606,6.5
OC1CC(C1)C(O)=O,2,0.002,0.3453213698028408,0.39519655135713944,5.0
CC(CO)(CO)C(O)=O,2,0.002,0.8345877890855544,1.3737293899225669,9.0
OC(=O)CCOC1=CC=CC=C1,2,0.002,0.3240710532585137,0.35269591826848534,6.5
OC(=O)C1CC2CC2C1,2,0.002,0.47959825030269415,0.6637503123568462,7.0
CC1=C(Br)C=C(C=C1Br)C(O)=O,2,0.002,0.5399138617085592,0.7473381834482723,12.0
O[C@@H]1C[C@H](N(C1)C(=O)OCC1=CC=CC=C1)C(O)=O,2,0.002,0.38675295503980767,0.47805972183107326,6.0
OC(=O)C1=C2OCOC2=CC=C1,2,0.002,0.3052858370908761,0.31512548593321005,6.5
OC(=O)CC1=CC(=C(O)C=C1)[N+]([O-])=O,2,0.002,0.45992864014456736,0.6244110920405926,11.0
O=CC1=CSN=N1,2,0.002,0.29341497318087745,0.2954461882485421,4.5
CC1=CC=C(F)C=C1C(O)=O,2,0.002,0.2954461882485421,0.2954461882485421,4.0
CC(C)(NC(=O)OCC1=CC=CC=C1)C(O)=O,2,0.002,0.37980539640812283,0.4682270347030328,7.5
COC1=C(C=C2C=CC=CC2=C1)C(O)=O,2,0.002,1.09060566444355,1.876437703401844,9.5
OC(=O)C1=CC(Cl)=CN=C1Br,2,0.002,0.2954461882485421,0.2954461882485421,4.0
[O-][N+](=O)C1=CC=C(F)C(C=O)=C1,2,0.002,0.2954461882485421,0.2954461882485421,4.0
OC(=O)C1=CC=C(OC(F)F)C=C1,2,0.002,0.4611626414840677,0.6263247789313159,9.5
COC1=CC=CC(C=O)=C1OC,2,0.002,0.3001099068668991,0.3047736254852561,5.0
OC(=O)c1ccc2OCOc2c1,2,0.002,0.6692867765196635,1.0431273647907848,10.0
OC(=O)c1cn[nH]c1,2,0.002,0.5291889412097882,0.7629316941710343,5.5
ClC1=CC(CCC=O)=CC=C1,2,0.002,0.5767459414631981,0.8487182574411403,11.5
OC(=O)CNC(=O)C1=CC=CN=C1,2,0.002,0.2957233461426808,0.2960005040368196,6.0
CCCC[C@@H](NC(=O)OCC1=CC=CC=C1)C(O)=O,2,0.002,0.4204682862948938,0.5361629471045315,8.5
CC(N(C)C(=O)OC(C)(C)C)C(O)=O,2,0.002,0.34249712318665765,0.3895480581247732,5.5
OC(=O)CSC1=CC=CC=C1,2,0.002,0.3380886202671507,0.3807310522857593,7.5
COC1=CC(C=O)=CC=C1C,2,0.002,0.42120543338676725,0.5469646785249924,7.0
OC(=O)C1=CC(F)=CC(=C1)C#N,2,0.002,0.33626690531214193,0.3574083246910738,12.0
OC(=O)C1=C(F)C(Cl)=CC=C1,2,0.002,0.3359848921087518,0.3671961587322475,8.0
OC(=O)C1=C(O)C=C(F)C=C1,2,0.002,0.3824239563331453,0.46940172441774847,6.5
CN(C)C(=O)C(O)=O,2,0.002,0.3313211734903948,0.3671961587322475,7.0
CC(C)[C@@H]1CC[C@@H](C)C[C@H]1OCC(O)=O,2,0.002,0.5291889412097882,0.7629316941710343,5.5
CC(C)(C)OC(=O)N[C@@H](C(O)=O)C1=CC=CC=C1,2,0.002,0.7764918428031804,1.1128808277295967,8.5
OC(=O)C1=CC=C(C=C1F)C#N,2,0.002,0.3677745230626531,0.4401028578767641,4.5
OC(=O)C1=CC=C(O1)C1=CC=CC=C1,2,0.002,0.4461733797571128,0.5969005712656835,5.0
OC(=O)C1=C(Cl)C=C(F)C=C1,2,0.002,0.29341497318087745,0.2954461882485421,4.5
OC(=O)CCCNC(=O)OCC1=CC=CC=C1,2,0.002,0.2954461882485421,0.2954461882485421,4.0
OC(=O)C1=CC=C(F)C=C1[N+]([O-])=O,2,0.002,1.9641417520680318,3.6328373158875213,17.0
COC1=CC=C(C=C1)C(O)=O,2,0.002,0.4872621671998606,0.5051226099819728,8.0
COC1=CC(=CC=C1OC(C)C)C(O)=O,2,0.002,0.29341497318087745,0.2954461882485421,4.5
OC[C@H](NC(=O)OCC1=CC=CC=C1)C(O)=O,2,0.002,0.5185017145712238,0.5969005712656835,5.5
CC1=C(Cl)C=CC(=C1)C(O)=O,2,0.002,0.4954232867743479,0.5969005712656835,7.0
OC(=O)C1=CC2=C(OC1)C=CC(Cl)=C2,2,0.002,0.3677745230626531,0.4401028578767641,4.5
OC(=O)c1ccc2ncccc2c1,2,0.002,0.3677745230626531,0.4401028578767641,4.5
OC1=CC(C=O)=CC(O)=C1,2,0.002,2.5665683242792197,4.385798465110167,19.5
OC(=O)C1=C(F)C=C(F)C=N1,2,0.002,0.34469609526577716,0.3939460022830123,6.0
CC1=C(CC(O)=O)C2=C(N1)C=CC=C2,2,0.002,0.38675295503980767,0.47805972183107326,6.0
CC1(CC1)C(O)=O,2,0.002,1.2170888375905886,1.770427362824331,30.0
CSCCC(O)=O,2,0.002,2.3141826922603213,4.3073575832200515,25.0
CCSCC(O)=O,2,0.002,0.3082269947745665,0.32100780130059087,5.5
OC(=O)C1=CC=C(OC2=CC=CC=C2)C=C1,2,0.002,0.6015172760238993,0.7629316941710343,6.0
CN1CC(CC1=O)C(O)=O,2,0.002,0.34249712318665765,0.3895480581247732,5.5
CC1=NC=NC(C)=C1C(O)=O,2,0.002,0.29341497318087745,0.2954461882485421,4.5
OC(=O)C1=C2OCCOC2=CC=C1,2,0.002,0.35810217632886515,0.39519655135713944,6.5
CC1=C(Br)C=C(C=C1)C(O)=O,2,0.002,0.3453213698028408,0.39519655135713944,5.0
COC1=C(OC)C=C(CCC(O)=O)C=C1,2,0.002,0.5185017145712238,0.5969005712656835,5.5
FC1=CC(F)=C(C=O)C=C1,2,0.002,0.6015172760238993,0.7629316941710343,6.0
CC1=CC(=CC(=C1)C(F)(F)F)C(O)=O,2,0.002,0.4547522911472563,0.46940172441774847,7.0
COC1=CC=C(Cl)C=C1C=O,2,0.002,0.3453213698028408,0.39519655135713944,5.0
[O-][N+](=O)C1=CC(C=O)=CS1,2,0.002,0.34249712318665765,0.3895480581247732,5.5
OC(=O)CCN1C(=O)C2=C(C=CC=C2)C1=O,2,0.002,0.4590812898539187,0.47805972183107326,6.5
CC1=C(C=CC(O)=C1)C(O)=O,2,0.002,0.3453213698028408,0.39519655135713944,5.0
CC(C)(C)OC(=O)N[C@@H](CC(O)=O)C(=O)OC(C)(C)C,2,0.002,0.41673038210285396,0.4401028578767641,8.5
COC1CCCC(C1)C(O)=O,2,0.002,0.6303254418112649,0.6637503123568462,8.0
OC(=O)c1cnc[nH]1,2,0.002,0.34249712318665765,0.3895480581247732,5.5
CC1=CC=NC(C=O)=C1,2,0.002,0.2954461882485421,0.2954461882485421,4.0
CC(C)(C)OC(=O)N[C@H](CC1=CC=CC=C1)C(O)=O,2,0.002,0.2954461882485421,0.2954461882485421,4.0
CCCOC1=C(C=CC=C1)C(O)=O,2,0.002,0.4461733797571128,0.5969005712656835,5.0
C[C@@H](N(C)C(=O)OC(C)(C)C)C(O)=O,2,0.002,0.6936922243032475,0.9855548860444037,10.0
CCC#CC(O)=O,2,0.002,0.2954461882485421,0.2954461882485421,4.0
OC(=O)C1=C(C=CC=C1)C(=O)C1=CC=C(Cl)C=C1,2,0.002,0.2957233461426808,0.2960005040368196,6.0
COC1=C(Cl)C=C(C=C1)C(O)=O,2,0.002,0.2954461882485421,0.2954461882485421,4.0
CC1=NC2=CC(=NN2C(C)=C1)C(O)=O,2,0.002,0.3001099068668991,0.3047736254852561,5.0
CC(C)(C)OC(=O)N1C[C@H](O)C[C@H]1C(O)=O,2,0.002,0.48241149437061226,0.5696264373840851,7.5
OC(=O)C1=CC=CC(Cl)=N1,2,0.002,0.45744901087891254,0.47479516388106097,8.5
CCCCCCCCCCCCCC(O)=O,2,0.002,1.0491617980902261,1.1620413945767387,11.5
FC1=CC=CC(Cl)=C1C=O,2,0.002,0.2954461882485421,0.2954461882485421,4.0
COC1=CC(OC)=NC(=N1)C(O)=O,2,0.002,0.6427964543825629,0.7386282302401335,9.5
COC1=CC=C(C=O)C(C)=C1,2,0.002,11.960535482808172,23.525874414259206,56.0
OC(=O)C1=CC=C(C=C1[N+]([O-])=O)C(F)(F)F,2,0.002,0.340465908118993,0.3895480581247732,6.0
OC=O,2,0.002,0.8984799038856222,0.9362822016037138,9.0
BrC1=NC=CC(C=O)=C1,2,0.002,0.8284470324252178,1.2167912069736715,11.5
OC(=O)C1CC(=C)C1,2,0.002,1.0364309469736332,1.7774157056987243,10.5
CN1N=C(C=C1C(O)=O)C(C)(C)C,2,0.002,0.4461733797571128,0.5969005712656835,5.0
COC1=CC=C(C=C1)C(O)C(O)=O,2,0.002,0.7587482474371446,1.1803319998228985,20.0
FC1=C(C=O)C=CC=C1,2,0.002,0.2954461882485421,0.2954461882485421,4.0
OC(=O)C1=CC=CN2C=CN=C12,2,0.002,1.4650895807425024,1.7373447319259205,23.5
OC(=O)C1=CC2=CC=NN2C=C1,2,0.002,0.3128907133929235,0.32100780130059087,6.5
CC(C)C[C@H](O)C(O)=O,2,0.002,0.3677745230626531,0.4401028578767641,4.5
OC(=O)C(=C)CC1=CC=CC=C1,2,0.002,0.7595520615720067,1.1295560650192402,12.0
CC(C)(C)OC(=O)N1CCC(CC(O)=O)CC1,2,0.002,0.29341497318087745,0.2954461882485421,4.5
CC(=O)NCC(O)=O,2,0.002,0.9881646409207072,1.6808830935928722,8.0
C\\C=C(/C)C(O)=O,2,0.002,0.43028808769540144,0.4401028578767641,8.0
CC(C)(C)OC(=O)NC(CC1=CC=C(O)C=C1)C(O)=O,2,0.002,0.4461733797571128,0.5969005712656835,5.0
CC[C@H]1CC[C@@H](CC1)C(O)=O,2,0.002,0.49322431469522837,0.5969005712656835,6.5
OC(=O)C1=NC=CC=C1,2,0.002,0.46567974923083544,0.5361629471045315,8.5
FC(F)(F)C1=C(C=O)N=CC=C1,2,0.002,0.4501595806695561,0.5051226099819728,6.5
OC1=C(C=O)C=CC=C1,2,0.002,0.4923790568287185,0.6637503123568462,8.5
COC1=CC(=CC(OC)=C1OC)C(O)=O,2,0.002,0.4461733797571128,0.5969005712656835,5.0
O.CC(C)C[C@H](NC(=O)OC(C)(C)C)C(O)=O,2,0.002,0.703499900241571,1.1156160423699293,7.0
CC(C)(C)OC[C@H](NC(=O)OC(C)(C)C)C(O)=O,2,0.002,0.2954461882485421,0.2954461882485421,4.0
COC1=CC(CC(O)=O)=C(OC)C=C1,2,0.002,0.5185017145712238,0.5969005712656835,5.5
COC(C(O)=O)C1=CC=CC=C1,2,0.002,1.1196980006614923,1.7992931434462205,13.0
CC1=C(C=O)C(=NO1)C1=CC=CC=C1,2,0.002,0.7665913864346987,0.9362822016037138,7.0
O=CC1=CC=NC=C1,2,0.002,0.49107433475840667,0.586952118159674,14.0
O=CC1=CN=CN=C1,2,0.002,0.430505097748649,0.5696264373840851,7.0
COC1=CC=C(C(O)=O)C(F)=C1,2,0.002,0.3001099068668991,0.3047736254852561,5.0
CC1=C(C=O)C2=C(N1)C=CC=C2,2,0.002,0.3856595798267488,0.47993540154028475,9.0
OC(C(O)=O)C1=CC=CC=C1,2,0.002,0.6405005371464729,0.9855548860444037,7.5
CC1CCCC(C1)C(O)=O,2,0.002,0.3585210124525813,0.4215958366566205,10.5
OC(=O)C1=C2C=CC=CC2=CC=C1,2,0.002,0.3001099068668991,0.3047736254852561,5.0
ClC1=CC=C(C=C1)C1=CC=CC(C=O)=N1,2,0.002,0.778617679745417,1.265851601377621,10.5
OC(=O)CCCCCl,2,0.002,0.34716084180501466,0.3895480581247732,6.5
OC(=O)\\C=C\\C1=CC(=CC=C1)[N+]([O-])=O,2,0.002,0.4127396054733558,0.5300330226981695,8.5
OC(=O)CCCCC1=CC=C(O)C=C1,2,0.002,0.9357413405411505,1.3934229592512277,14.0
OC(=O)C1=NC2=CC=C(Br)C=C2C=C1,2,0.002,0.453476086272032,0.5051226099819728,8.0
[O-][N+](=O)C1=CC=C(C=O)C=C1,2,0.002,0.2954461882485421,0.2954461882485421,4.0
COC1=CN=C(C=C1)C(O)=O,2,0.002,0.4590812898539187,0.47805972183107326,6.5
COC1=C(C=C(C=C1)/C=C/C(O)=O)OC,2,0.002,0.41482545800076864,0.4401028578767641,6.0
OC(=O)C1=CC(F)=CC(F)=C1,2,0.002,0.9011261337406111,1.50680607923268,9.5
OC(=O)C1=CC=C2OCCOC2=C1,2,0.002,0.5669123907986364,0.7386282302401335,7.5
CCN1C=C(C(O)=O)C(=O)C2=C1C=C(Cl)C(F)=C2,2,0.002,0.2954461882485421,0.2954461882485421,4.0
OC(=O)CC1=CC(O)=CC=C1,2,0.002,0.4960485613114115,0.5969005712656835,6.0
OC(=O)C1=NOC(=C1)C1=CC=CC=C1,2,0.002,0.38637051947918766,0.47805972183107326,10.5
OC(=O)C1=CC(OC(F)(F)F)=CC=C1,2,0.002,0.8890089068266858,1.2999580918222984,9.0
OC(=O)CCC1CCCCC1,2,0.002,5.36698701068292,10.293871163489076,28.0
COC1=CC(C(O)=O)=C(C=C1)[N+]([O-])=O,2,0.002,1.066832947025987,1.3707341998809397,12.0
CN1C=NC=C1C(O)=O,2,0.002,0.669368663999302,0.8606776061675306,9.0
OC(=O)C1=CC=C2NN=CC2=C1F,2,0.002,0.34863787540531666,0.40182956256209124,6.5
OC(=O)C1CCS(=O)(=O)C1,2,0.002,0.5004931453505161,0.6637503123568462,9.0
COC1=CC=C(C=O)C(Cl)=C1OC,2,0.002,0.4726127339293684,0.5051226099819728,6.0
COC1=CC(=C(C=C1)C(O)=O)[N+]([O-])=O,2,0.002,0.3380886202671507,0.3807310522857593,7.5
OC(=O)C1=CSC(Cl)=N1,2,0.002,0.3001099068668991,0.3047736254852561,5.0
CC1=CC=CC(C=O)=C1,2,0.002,0.9011261337406111,1.50680607923268,9.5
OC(=O)C1=CC=NC=C1,2,0.002,0.2954461882485421,0.2954461882485421,4.0
CC(C)OC1=CC=C(C=O)C=C1,2,0.002,0.4576704412898695,0.6198946943311969,6.0
CCCCC(O)=O,2,0.002,0.34469609526577716,0.3939460022830123,6.0
CC1=C(SC=C1)C(O)=O,2,0.002,0.9861334258530425,1.6808830935928722,8.5
ClC1=C(C=O)C=CC(Br)=C1,2,0.002,0.43380388997792324,0.47805972183107326,7.5
COC1=CC=C(CCC(O)=O)C(OC)=C1,2,0.002,0.3282312123541229,0.3516887992229897,9.5
OC(=O)C1=NNC(=O)C=C1,2,0.002,0.2957233461426808,0.2960005040368196,6.0
OC(=O)C1CCC(=O)NC1,2,0.002,0.39639938807262476,0.4401028578767641,7.0
OC(=O)C1=CC(F)=CC(Br)=C1,2,0.002,1.1361747085915859,1.4885713766311754,13.5
OC(=O)CCCC(=O)NC1=CC=CC=C1,2,0.002,0.34249712318665765,0.3895480581247732,5.5
CC(C(O)=O)C1=NNC(=O)C2=C1C=CC=C2,2,0.002,0.447335334053373,0.5051226099819728,7.0
Cn1ccnc1C(O)=O,2,0.002,0.2957233461426808,0.2960005040368196,6.0
OC(=O)\\C=C\\C1=CC=C(Br)C=C1,2,0.002,0.37243824168101014,0.4401028578767641,5.5
FC1=C(Br)C(C=O)=CC=C1,2,0.002,0.43380388997792324,0.47805972183107326,7.5
CC1=NC(=NO1)C1=CC=C(C=C1)C(O)=O,1,0.001,0.35269591826848534,0.35269591826848534,9.0
OC(=O)CC1=CC(Cl)=C(O)C=C1,1,0.001,1.4827108589715965,1.4827108589715965,21.0
CC1=C(CC(O)=O)C=CC=C1,1,0.001,0.5969005712656835,0.5969005712656835,6.0
CCN1C=C(C(O)=O)C(=O)C2=C1C(F)=C(F)C(F)=C2,1,0.001,1.6808830935928722,1.6808830935928722,12.0
O[C@@H](C(O)=O)C1=CC=CC=C1Cl,1,0.001,0.4401028578767641,0.4401028578767641,5.0
CC1=CC=CC=C1CCC(O)=O,1,0.001,0.9362822016037138,0.9362822016037138,8.0
CCC(O)C(O)=O,1,0.001,0.33723597834418606,0.33723597834418606,8.0
OC(=O)CC1=CC=CC=C1,1,0.001,0.2954461882485421,0.2954461882485421,4.0
OC(=O)C1=C(COC2=CC=CC=C2)C=CC=C1,1,0.001,0.39519655135713944,0.39519655135713944,6.0
COC1=CC=C(C=C1)C1=CC=CC(C=O)=N1,1,0.001,0.2954461882485421,0.2954461882485421,4.0
OC(=O)CC1CCC1,1,0.001,0.35269591826848534,0.35269591826848534,9.0
CC1=C(Cl)C(=CC=C1)C(O)=O,1,0.001,0.4682270347030328,0.4682270347030328,10.0
COC1=CC(C=O)=C(O)C=C1,1,0.001,0.47244168066711034,0.47244168066711034,17.0
OC(=O)CCC1=C(Cl)C=CC=C1Cl,1,0.001,0.5696264373840851,0.5696264373840851,9.0
CCC(CC)C(O)=O,1,0.001,1.6760228071622743,1.6760228071622743,32.0
CC(C)(C)OC(=O)NCC(C(O)=O)C1=CC=CC=C1,1,0.001,0.2954461882485421,0.2954461882485421,4.0
OC(=O)COC1=C(Cl)C=CC=C1,1,0.001,1.2999580918222984,1.2999580918222984,10.0
COC1=C(OCC2=CC=CC=C2)C=C(C=O)C=C1,1,0.001,0.6263247789313159,0.6263247789313159,11.0
CC1=C(\\C=C\\C(O)=O)C=CC=C1,1,0.001,0.5051226099819728,0.5051226099819728,7.0
OC(=O)C1CC(O)(C1)C(F)(F)F,1,0.001,0.2954461882485421,0.2954461882485421,4.0
ClC1=NC(Cl)=C(C=O)C=C1,1,0.001,0.2913837581132128,0.2913837581132128,5.0
FC1=CC=C(C=O)C=C1C#N,1,0.001,0.39519655135713944,0.39519655135713944,6.0
CC(C)(C)OC(=O)NC1(CCOCC1)C(O)=O,1,0.001,1.3737293899225669,1.3737293899225669,14.0
O=CCC1=CC=CC=C1,1,0.001,0.9362822016037138,0.9362822016037138,8.0
FC(F)(F)OC1=CC=CC(C=O)=C1,1,0.001,0.2954461882485421,0.2954461882485421,4.0
OC(=O)C1=CC2=C(C=C1)C=C(O)C=C2,1,0.001,0.4401028578767641,0.4401028578767641,5.0
OC(=O)C1=CC=C(Br)C=C1,1,0.001,0.32100780130059087,0.32100780130059087,7.0
CC1=CC=C(C=O)C=C1Cl,1,0.001,0.5051226099819728,0.5051226099819728,7.0
OC(=O)\\C=C\\C1=C(C=CC=C1)C(F)(F)F,1,0.001,0.3895480581247732,0.3895480581247732,7.0
O=CCCC1=CC=CC=C1,1,0.001,0.2954461882485421,0.2954461882485421,4.0
COC1=CC=C(C=O)C=C1C,1,0.001,0.5051226099819728,0.5051226099819728,7.0
IC1=C(C=O)C=CC=C1,1,0.001,0.2913837581132128,0.2913837581132128,5.0
OC(=O)CCCC1=CC=CS1,1,0.001,0.2913837581132128,0.2913837581132128,5.0
OC(=O)CC1=CC(Cl)=CC=C1,1,0.001,0.2954461882485421,0.2954461882485421,4.0
OC(=O)C1=CC2=C(O1)C=NC=C2,1,0.001,0.4401028578767641,0.4401028578767641,5.0
OC(=O)CC1=CC=C2C=CC=CC2=C1,1,0.001,0.6198946943311969,0.6198946943311969,8.0
CS(=O)(=O)NCC(O)=O,1,0.001,0.3895480581247732,0.3895480581247732,7.0
COC(=O)C1=CC=CC(C=O)=C1,1,0.001,0.3047736254852561,0.3047736254852561,6.0
O=CC1=CC(OCC2=CC=CC=C2)=CC=C1,1,0.001,0.4682270347030328,0.4682270347030328,10.0
CC1=CC=CC(F)=C1C(O)=O,1,0.001,0.5969005712656835,0.5969005712656835,6.0
COC1=CC=C(F)C=C1C=O,1,0.001,1.4885713766311754,1.4885713766311754,11.0
FC1=CC=CC(=C1C=O)C(F)(F)F,1,0.001,0.2954461882485421,0.2954461882485421,4.0
[K+].OC([O-])=O,1,0.001,0.9575823709378385,0.9575823709378385,15.0
OC(=O)C1CCCCC1,1,0.001,1.0416294891845994,1.0416294891845994,18.0
CC(C)(C)OC(=O)N1CCN(CC(O)=O)CC1,1,0.001,0.7629316941710343,0.7629316941710343,7.0
OC(=O)CC1=CC=C2OCOC2=C1,1,0.001,0.4401028578767641,0.4401028578767641,5.0
CC(=O)C1=CC=C(C=C1)C(O)=O,1,0.001,0.2954461882485421,0.2954461882485421,4.0
OC(=O)CC1=C(Cl)C=CC=C1Cl,1,0.001,0.39519655135713944,0.39519655135713944,6.0
OC(=O)C1=CC(OC2=CC=CC=C2)=CC=C1,1,0.001,0.5051226099819728,0.5051226099819728,7.0
CCCCC(C)C(O)=O,1,0.001,1.0431273647907848,1.0431273647907848,16.0
CC1=NC=C(N=C1)C(O)=O,1,0.001,0.2954461882485421,0.2954461882485421,4.0
CC(=O)NC1=CC=C(C(O)=O)C(C)=C1,1,0.001,0.5969005712656835,0.5969005712656835,6.0
C[C@H]1C[C@H]1C(O)=O,1,0.001,0.5969005712656835,0.5969005712656835,6.0
COC1=CC=C(C=C1[N+]([O-])=O)C(O)=O,1,0.001,0.4401028578767641,0.4401028578767641,5.0
OC(=O)C1CC(F)(F)C1,1,0.001,0.5969005712656835,0.5969005712656835,6.0
OC(=O)C1=NOC(=C1)C1=CC=CS1,1,0.001,0.5969005712656835,0.5969005712656835,6.0
OC(=O)C1=CC=CC2=C1CCCC2,1,0.001,0.4401028578767641,0.4401028578767641,5.0
CC(C)(C)OC(=O)N[C@@H](CC1=CC=CC=C1)C=O,1,0.001,0.4401028578767641,0.4401028578767641,5.0
OC(=O)CCS(=O)(=O)C1=CC=CC=C1,1,0.001,0.32100780130059087,0.32100780130059087,7.0
COC1=CC(OC)=C(C=O)C=C1,1,0.001,0.2954461882485421,0.2954461882485421,4.0
FC1=C(C=O)C(F)=C(F)C(Br)=C1,1,0.001,0.2954461882485421,0.2954461882485421,4.0
COC1=C(C)C=C(C(O)=O)C(C)=C1,1,0.001,0.7072410154671339,0.7072410154671339,12.0
OC(=O)C(CC1=CC=CC=C1)C1=CC=CC=C1,1,0.001,0.3939460022830123,0.3939460022830123,8.0
OCC1=CC=C(O1)C=O,1,0.001,0.3047736254852561,0.3047736254852561,6.0
OC(=O)C1=CC(Cl)=CC=C1,1,0.001,0.2954461882485421,0.2954461882485421,4.0
CCC1=CC=C(C=C1)C(O)=O,1,0.001,0.2954461882485421,0.2954461882485421,4.0
OC(=O)C1CCOC1,1,0.001,0.4401028578767641,0.4401028578767641,5.0
FC1=CC(=CC=C1C=O)C#N,1,0.001,0.7386282302401335,0.7386282302401335,9.0
OC(=O)C1=C(F)C=CC(Br)=C1,1,0.001,1.3737293899225669,1.3737293899225669,14.0
FC(F)(F)C1=CC=C(C=O)C=C1,1,0.001,0.9362822016037138,0.9362822016037138,8.0
OC(=O)CCCCC#C,1,0.001,0.39519655135713944,0.39519655135713944,6.0
CC(C)(C)OC(=O)N1[C@@H](CC[C@@H]1C1=CC=CC=C1)C(O)=O,1,0.001,0.3895480581247732,0.3895480581247732,7.0
CC(=O)CCC(O)=O,1,0.001,0.2954461882485421,0.2954461882485421,4.0
CC(=O)O[C@H](C(O)=O)C1=CC=CC=C1,1,0.001,0.5969005712656835,0.5969005712656835,6.0
CC[C@@H](C(O)=O)C1=CC=CC=C1,1,0.001,2.0748659237874336,2.0748659237874336,14.0
CC(C)CC(O)=O,1,0.001,0.46940172441774847,0.46940172441774847,9.0
CC1=CC=C(CCC(O)=O)C=C1,1,0.001,0.5969005712656835,0.5969005712656835,6.0
OC1=C(C=CC=C1C=O)[N+]([O-])=O,1,0.001,0.32100780130059087,0.32100780130059087,7.0
OC(=O)C1=CC=NN1C1=CC=CC=C1,1,0.001,0.2954461882485421,0.2954461882485421,4.0
OC(=O)[C@H]1CCOC1,1,0.001,1.2423538272856616,1.2423538272856616,13.0
COC(=O)c1ccc(cn1)C(O)=O,1,0.001,0.47805972183107326,0.47805972183107326,8.0
CC1=CC(C)=C(CC(O)=O)C(C)=C1,1,0.001,0.3047736254852561,0.3047736254852561,6.0
COC1=C(F)C(=CC=C1)C(O)=O,1,0.001,1.2999580918222984,1.2999580918222984,10.0
OC(=O)CC1=C(F)C=CC=C1F,1,0.001,0.2913837581132128,0.2913837581132128,5.0
OC(=O)C1(CC1)C1=CC=C(F)C=C1,1,0.001,0.2954461882485421,0.2954461882485421,4.0
CN(C)CC(O)=O,1,0.001,0.4401028578767641,0.4401028578767641,5.0
CC(OC1=CC=CC=C1)C(O)=O,1,0.001,3.9284596618083523,3.9284596618083523,32.0
CC(C(O)=O)C1=CC=CC=C1,1,0.001,0.47993540154028475,0.47993540154028475,13.0
OC(=O)C#CC1CC1,1,0.001,0.47805972183107326,0.47805972183107326,8.0
FC(F)(F)C1=CC=CC(C=O)=C1,1,0.001,0.2954461882485421,0.2954461882485421,4.0
CC1=CC=C(C=O)C=C1,1,0.001,0.2954461882485421,0.2954461882485421,4.0
OC(=O)C1=CC(F)=C(F)C(F)=C1F,1,0.001,0.2954461882485421,0.2954461882485421,4.0
COC1=C(O)C=CC(C=O)=C1,1,0.001,0.2954461882485421,0.2954461882485421,4.0
CC(C)(C)OC(=O)N[C@@H](CC1=C(F)C=CC=C1)C(O)=O,1,0.001,0.2954461882485421,0.2954461882485421,4.0
OC(=O)CC1=C2C=CC=CC2=CC=C1,1,0.001,0.39519655135713944,0.39519655135713944,6.0
CN(C)C1=CC=C(CC(O)=O)C=C1,1,0.001,2.0748659237874336,2.0748659237874336,14.0
CCCCC(CC)C(O)=O,1,0.001,0.2913837581132128,0.2913837581132128,5.0
C\\C(=C/C1=CC=CC=C1)C(O)=O,1,0.001,0.39519655135713944,0.39519655135713944,6.0
CCCC(C)C(O)=O,1,0.001,1.2999580918222984,1.2999580918222984,10.0
OC(=O)c1ccc2[nH]ncc2c1,1,0.001,1.3462054871761537,1.3462054871761537,22.0
CC(C)CCC(O)=O,1,0.001,0.39519655135713944,0.39519655135713944,6.0
NS(=O)(=O)c1ccc(cc1Cl)C(O)=O,1,0.001,0.6263247789313159,0.6263247789313159,11.0
CC1=C(Cl)C=C(C=C1)C(O)=O,1,0.001,0.5696264373840851,0.5696264373840851,9.0
OCC(C(O)=O)C1=CC=CC=C1,1,0.001,0.4401028578767641,0.4401028578767641,5.0
OC(=O)C1=CC(=C(O)C=C1)[N+]([O-])=O,1,0.001,0.5361629471045315,0.5361629471045315,11.0
CC1=C(C=CC=N1)C(O)=O,1,0.001,0.4401028578767641,0.4401028578767641,5.0
NS(=O)(=O)C1=CC=CC(=C1)C(O)=O,1,0.001,0.7629316941710343,0.7629316941710343,7.0
CC1=CC=C(CCCC(O)=O)C=C1,1,0.001,0.3047736254852561,0.3047736254852561,6.0
CC1=C(C=CC=C1O)C(O)=O,1,0.001,0.3807310522857593,0.3807310522857593,11.0
OC(=O)C1CCN(CC1)C(=O)OCC1c2ccccc2-c2ccccc12,1,0.001,0.4401028578767641,0.4401028578767641,5.0
COC1=C(C)C=C(CC(O)=O)C=C1,1,0.001,0.2954461882485421,0.2954461882485421,4.0
OC(=O)C1=CC2=C(N1)C=CC(F)=C2,1,0.001,0.2913837581132128,0.2913837581132128,5.0
CC(C)CCCC(O)=O,1,0.001,3.0483040682785503,3.0483040682785503,26.0
OC(=O)C1=CC=C(OC(F)(F)F)C=C1,1,0.001,0.2954461882485421,0.2954461882485421,4.0
OC(C(O)=O)C1=CC=C(F)C=C1,1,0.001,0.2954461882485421,0.2954461882485421,4.0
CC1=CC(=C(C=C1)C(O)=O)C(F)(F)F,1,0.001,0.2913837581132128,0.2913837581132128,5.0
OC(=O)C1=CC=CC2=C1N=CN2,1,0.001,0.2954461882485421,0.2954461882485421,4.0
OC(=O)C1=CC(I)=CC=C1Cl,1,0.001,0.3895480581247732,0.3895480581247732,7.0
CC(C)(Br)C(O)=O,1,0.001,0.4401028578767641,0.4401028578767641,5.0
CCC1=C(C=CC=C1)C(O)=O,1,0.001,0.39519655135713944,0.39519655135713944,6.0
CC(NC(=O)OC(C)(C)C)C(O)=O,1,0.001,0.2913837581132128,0.2913837581132128,5.0
O=CC1CC1,1,0.001,0.2954461882485421,0.2954461882485421,4.0
OC(=O)C1=C(F)C(F)=CC=C1,1,0.001,0.9362822016037138,0.9362822016037138,8.0
OCC1=CC=C(C=C1)C(O)=O,1,0.001,0.2954461882485421,0.2954461882485421,4.0
CCC(C)C=O,1,0.001,1.1156160423699293,1.1156160423699293,9.0
Cc1nc2ccc(cc2o1)C(O)=O,1,0.001,0.4401028578767641,0.4401028578767641,5.0
CC1=CC(C(O)=O)=C(C=C1)[N+]([O-])=O,1,0.001,0.2954461882485421,0.2954461882485421,4.0
OC(=O)C1=CC=C(Cl)C(=C1)C(F)(F)F,1,0.001,0.3939460022830123,0.3939460022830123,8.0
CC(=O)C1=CC=C(C=O)C=C1,1,0.001,0.7473381834482723,0.7473381834482723,14.0
CC(C)(C)OC(=O)N1CCC2(CC2C(O)=O)CC1,1,0.001,0.2954461882485421,0.2954461882485421,4.0
BrC1=C(C=O)C2=C(OCO2)C=C1,1,0.001,0.2954461882485421,0.2954461882485421,4.0
CCOC1=C(C=O)C=CC=C1,1,0.001,0.47479516388106097,0.47479516388106097,12.0
OC(=O)C1=CC=CC(=C1)[N+]([O-])=O,1,0.001,0.32100780130059087,0.32100780130059087,7.0
OC(=O)c1cccc2[nH]ncc12,1,0.001,0.2913837581132128,0.2913837581132128,5.0
COCCOCC(O)=O,1,0.001,0.2954461882485421,0.2954461882485421,4.0
OC(=O)CC1=CC=CC(OC(F)(F)F)=C1,1,0.001,0.6198946943311969,0.6198946943311969,8.0
COC1=C(Cl)C=CC=C1C=O,1,0.001,0.3047736254852561,0.3047736254852561,6.0
NC(=O)CCC(O)=O,1,0.001,0.39519655135713944,0.39519655135713944,6.0
OC(=O)\\C=C\\C1=CC(Cl)=C(Cl)C=C1,1,0.001,0.4401028578767641,0.4401028578767641,5.0
FC(F)(F)C1=CC=CC(C=O)=C1Cl,1,0.001,0.46940172441774847,0.46940172441774847,9.0
ClC1=C(C=O)C=CN=C1,1,0.001,0.6637503123568462,0.6637503123568462,10.0
CN(CC=O)C(=O)OC(C)(C)C,1,0.001,0.39519655135713944,0.39519655135713944,6.0
COC1=CC(CCC(O)=O)=CC(OC)=C1OC,1,0.001,0.8929652169692355,0.8929652169692355,16.0
COC1=CC(=CC(OC)=C1Br)C(O)=O,1,0.001,0.2954461882485421,0.2954461882485421,4.0
FC1=C(C=O)C=CC=C1Cl,1,0.001,0.2954461882485421,0.2954461882485421,4.0
OC(=O)C1=CC=C2N=C(Br)SC2=C1,1,0.001,0.5051226099819728,0.5051226099819728,7.0
OC(=O)C1=C(Cl)C=CC(Cl)=N1,1,0.001,0.8606776061675306,0.8606776061675306,10.0
OC(=O)CC1=CC=CC(OCC2=CC=CC=C2)=C1,1,0.001,0.2954461882485421,0.2954461882485421,4.0
OC(=O)CC1=C(F)C=CC(F)=C1F,1,0.001,0.5969005712656835,0.5969005712656835,6.0
O=CC1CCOC1,1,0.001,0.4401028578767641,0.4401028578767641,5.0
OC(=O)CCC1=CC=C(F)C=C1,1,0.001,0.4401028578767641,0.4401028578767641,5.0
OC(=O)C1=CC=C(C=C1)C(F)(F)F,1,0.001,1.4765954282090534,1.4765954282090534,18.0
CCC1=NC=C(N1)C=O,1,0.001,0.2954461882485421,0.2954461882485421,4.0
CC(C)(C)OC(=O)N1CCC[C@@H]1C(O)=O,1,0.001,1.2423538272856616,1.2423538272856616,13.0
OC(=O)C1=CC=C2C=CC=CC2=C1,1,0.001,0.2954461882485421,0.2954461882485421,4.0
OC1=CC2=C(C=C1)C=C(C=O)C=C2,1,0.001,0.31512548593321005,0.31512548593321005,9.0
OC(=O)C1=CC(F)=C(Br)C=C1,1,0.001,0.3047736254852561,0.3047736254852561,6.0
O=CC1=CC=CC(=C1)N1C=CN=C1,1,0.001,0.2954461882485421,0.2954461882485421,4.0
OC(=O)C1=C(Br)C=C(Br)S1,1,0.001,0.5969005712656835,0.5969005712656835,6.0
COC1=CC=NC=C1C=O,1,0.001,0.2954461882485421,0.2954461882485421,4.0
OC(=O)CC1=C(F)C(F)=CC=C1,1,0.001,0.32100780130059087,0.32100780130059087,7.0
CC(C)(C)CC(O)=O,1,0.001,0.4401028578767641,0.4401028578767641,5.0
OC(=O)CCOCC=C,1,0.001,0.4401028578767641,0.4401028578767641,5.0
OC(=O)CC1=CC=C(F)C=C1,1,0.001,0.7629316941710343,0.7629316941710343,7.0
OC(=O)\\C=C\\C1=CC(F)=C(F)C=C1,1,0.001,0.2913837581132128,0.2913837581132128,5.0
OC(=O)C1(O)CCCCC1,1,0.001,0.7386282302401335,0.7386282302401335,9.0
COC1=CC2=C(C=C1)C=C(C=O)C=C2,1,0.001,1.2999580918222984,1.2999580918222984,10.0
COC1=CC(C=O)=CC(OC)=C1,1,0.001,0.9362822016037138,0.9362822016037138,8.0
OC(=O)CC1CCOCC1,1,0.001,0.39519655135713944,0.39519655135713944,6.0
COC(C)C(O)=O,1,0.001,0.2954461882485421,0.2954461882485421,4.0
OC(=O)C1=CC(Br)=CN=C1,1,0.001,0.2954461882485421,0.2954461882485421,4.0
OC(=O)C1=NC=C(Cl)N=C1,1,0.001,0.9142644131035724,0.9142644131035724,18.0
O=CC1=CC=CC2=C1C=CN2,1,0.001,0.6198946943311969,0.6198946943311969,8.0
OC(=O)C1=CC=C(O)C=C1,1,0.001,1.1156160423699293,1.1156160423699293,9.0
CC(=O)C1=C(C=CC=C1)C(O)=O,1,0.001,0.2954461882485421,0.2954461882485421,4.0
COC1=CC(OC)=C(C=C1)C(O)=O,1,0.001,0.3047736254852561,0.3047736254852561,6.0
COC1=CC=CC(C(O)=O)=C1OC,1,0.001,0.2913837581132128,0.2913837581132128,5.0
COC(=O)CCCCCCC(O)=O,1,0.001,0.3047736254852561,0.3047736254852561,6.0
OC(=O)c1ccccc1C#N,1,0.001,0.5969005712656835,0.5969005712656835,6.0
CSC1=NC=C(Cl)C(=N1)C(O)=O,1,0.001,0.4401028578767641,0.4401028578767641,5.0
CC(=O)N1CCC[C@H]1C(O)=O,1,0.001,0.2954461882485421,0.2954461882485421,4.0
OC(=O)C1=CSC2=CC=CC=C12,1,0.001,1.2999580918222984,1.2999580918222984,10.0
ClC1=C(Br)C=CC=C1C=O,1,0.001,0.2913837581132128,0.2913837581132128,5.0
OC(=O)C1=CC2=C(C=C1)C=C(Br)C=C2,1,0.001,0.7629316941710343,0.7629316941710343,7.0
C[C@H](NC(=O)OC(C)(C)C)C(O)=O,1,0.001,0.2954461882485421,0.2954461882485421,4.0
COC1=C(C=CC=C1)C(O)=O,1,0.001,0.2954461882485421,0.2954461882485421,4.0
OC(=O)C1=CC2=C(OC(F)(F)O2)C=C1,1,0.001,0.6198946943311969,0.6198946943311969,8.0
OC(=O)CCC1=CC=CC=C1F,1,0.001,0.9855548860444037,0.9855548860444037,11.0
CCOC1=CC(=CC(OCC)=C1OCC)C(O)=O,1,0.001,0.6220239096095077,0.6220239096095077,19.0
CN1C=C(C=O)C=N1,1,0.001,0.39519655135713944,0.39519655135713944,6.0
O=CC1=CSC2=C1C=CC=C2,1,0.001,0.4401028578767641,0.4401028578767641,5.0
OC(=O)C1=NC=CC=C1F,1,0.001,0.2954461882485421,0.2954461882485421,4.0
COC(=O)C1=CC=C(C=O)N=C1,1,0.001,0.9580971260428852,0.9580971260428852,13.0
CSCC(O)=O,1,0.001,0.2954461882485421,0.2954461882485421,4.0
COC1=CC(C(O)=O)=C(Cl)C=C1,1,0.001,0.6637503123568462,0.6637503123568462,10.0
COC1=C(O)C=CC(CC(O)=O)=C1,1,0.001,0.47479516388106097,0.47479516388106097,12.0
CC1=CC(C=O)=CC(C)=C1,1,0.001,0.2954461882485421,0.2954461882485421,4.0
O=CC1=CC=C2C=CC=CC2=C1,1,0.001,1.1156160423699293,1.1156160423699293,9.0
CC(C)C1=CC=C(C=C1)C(O)=O,1,0.001,4.226040098485996,4.226040098485996,34.0
OC(=O)C1=CSN=N1,1,0.001,0.4401028578767641,0.4401028578767641,5.0
OC(=O)C1=C2OC3=C(C=CC=C3)C2=CC=C1,1,0.001,0.6198946943311969,0.6198946943311969,8.0
OC(=O)c1cccc2[nH]ccc12,1,0.001,0.7629316941710343,0.7629316941710343,7.0
OC(=O)CC1CCCCCC1,1,0.001,0.2913837581132128,0.2913837581132128,5.0
OC(=O)CCC1=CNC2=C1C=CC=C2,1,0.001,0.5969005712656835,0.5969005712656835,6.0
OC(=O)C(=O)C1=CC=CC=C1,1,0.001,0.2913837581132128,0.2913837581132128,5.0
OC(=O)C1=CC2=C(NC=N2)C=C1,1,0.001,1.876437703401844,1.876437703401844,13.0
COC1=NC=C(C=O)C=C1,1,0.001,2.0748659237874336,2.0748659237874336,14.0
Nc1nc(cs1)C(O)=O,1,0.001,0.2954461882485421,0.2954461882485421,4.0
CCC(CO)(CO)C(O)=O,1,0.001,0.5969005712656835,0.5969005712656835,6.0
OC(=O)C1=C(Cl)C=C(Br)C=C1,1,0.001,0.2913837581132128,0.2913837581132128,5.0
COC1=CC(OC)=C(CC(O)=O)C=C1,1,0.001,0.5969005712656835,0.5969005712656835,6.0
CC(C)(C)OC(=O)NCCC=O,1,0.001,0.4401028578767641,0.4401028578767641,5.0
CC1=C(C=CC(Cl)=C1)C(O)=O,1,0.001,1.6808830935928722,1.6808830935928722,12.0
COC(=O)C[C@H](NC(=O)OC(C)(C)C)C(O)=O,1,0.001,0.2954461882485421,0.2954461882485421,4.0
CC(C)(C)OC(=O)CCC(O)=O,1,0.001,1.7774157056987243,1.7774157056987243,17.0
CC1=C(C(O)=O)C(C)=NO1,1,0.001,0.2954461882485421,0.2954461882485421,4.0
CCC[C@H](NC(=O)OCC1=CC=CC=C1)C(O)=O,1,0.001,2.2758635073912648,2.2758635073912648,15.0
COC(=O)[C@H](CCC(O)=O)NC(=O)OCC1=CC=CC=C1,1,0.001,0.2954461882485421,0.2954461882485421,4.0
FC1=CC(C=O)=CC=C1Br,1,0.001,0.2954461882485421,0.2954461882485421,4.0
BrC1=CC=C(OC2=CC=C(C=O)C=C2)C=C1,1,0.001,0.3047736254852561,0.3047736254852561,6.0
OC(=O)\\C=C\\C1=CC=CC=C1,1,0.001,0.2954461882485421,0.2954461882485421,4.0
OC(=O)C1=NNC(=C1)C1=CC=C(Cl)C=C1,1,0.001,0.3047736254852561,0.3047736254852561,6.0
OC(=O)CCC1=CC=CC(=C1)[N+]([O-])=O,1,0.001,0.2954461882485421,0.2954461882485421,4.0
CCOC1=CC=C2NC(=CC2=C1)C(O)=O,1,0.001,0.3047736254852561,0.3047736254852561,6.0
OC(=O)C1=CC=C(Br)S1,1,0.001,0.6758670661737894,0.6758670661737894,13.0
CC1=CC(=CS1)C(O)=O,1,0.001,0.3671961587322475,0.3671961587322475,10.0
OC(=O)\\C=C\\C1=CC=C(Cl)C=C1,1,0.001,0.3483533877904879,0.3483533877904879,11.0
OC(=O)C1=CC(I)=CC(F)=C1,1,0.001,0.2913837581132128,0.2913837581132128,5.0
CC1=C(OC=N1)C(O)=O,1,0.001,0.2954461882485421,0.2954461882485421,4.0
COC1=CC(C=O)=CC(OC)=C1Br,1,0.001,0.4401028578767641,0.4401028578767641,5.0
OC(=O)C1=CC(=C(O)N=C1)[N+]([O-])=O,1,0.001,0.42047331751403877,0.42047331751403877,11.0
COC1=C(C)C=C(C=C1C)C(O)=O,1,0.001,0.7629316941710343,0.7629316941710343,7.0
OC(=O)\\C=C\\C1=CC=CO1,1,0.001,0.2913837581132128,0.2913837581132128,5.0
COC1=CC=CC(C=O)=C1F,1,0.001,0.2954461882485421,0.2954461882485421,4.0
O=CC1=C(C=CC=C1)C#C,1,0.001,0.47805972183107326,0.47805972183107326,8.0
OC(=O)C1=CC(Br)=CC(Cl)=C1,1,0.001,0.2954461882485421,0.2954461882485421,4.0
CC1(C)OC[C@@H](O1)C=O,1,0.001,0.5969005712656835,0.5969005712656835,6.0
COC1=C(C=O)C(O)=CC=C1,1,0.001,15.751644087621166,15.751644087621166,74.0
NS(=O)(=O)c1ccc(cc1)C(O)=O,1,0.001,0.4401028578767641,0.4401028578767641,5.0
BrC1=CC=C(C=O)C=C1,1,0.001,0.4401028578767641,0.4401028578767641,5.0
OC(=O)CNC(=O)OCC1=CC=CC=C1,1,0.001,1.1620413945767387,1.1620413945767387,15.0
CC1=C(I)C=C(C=C1)C(O)=O,1,0.001,0.6637503123568462,0.6637503123568462,10.0
CCCCC1=NC(C=O)=CN1,1,0.001,2.4791762830423623,2.4791762830423623,16.0
CC1=C(C=NO1)C(O)=O,1,0.001,0.39519655135713944,0.39519655135713944,6.0
COC1=CC=C(C=C1C)C(O)=O,1,0.001,0.2954461882485421,0.2954461882485421,4.0
OC(=O)C1=CC=CC(Br)=C1F,1,0.001,0.4401028578767641,0.4401028578767641,5.0
OC(=O)C1=C2C=CC=CC2=C(Br)C=C1,1,0.001,0.2954461882485421,0.2954461882485421,4.0
C[C@@H](C(O)=O)C1=CC=CC=C1,1,0.001,3.5239240386613857,3.5239240386613857,21.0
[O-][N+](=O)C1=C(\\C=C\\C=O)C=CC=C1,1,0.001,0.2954461882485421,0.2954461882485421,4.0
OC(=O)C1=CC=C(C=C1Br)[N+]([O-])=O,1,0.001,0.31512548593321005,0.31512548593321005,9.0
OC(=O)C1=CC(F)=C(Br)C=C1[N+]([O-])=O,1,0.001,0.3895480581247732,0.3895480581247732,7.0
Cc1[nH]ncc1C(O)=O,1,0.001,1.0191485187859588,1.0191485187859588,36.0
OC(=O)COC1=CC=C(F)C=C1,1,0.001,0.39519655135713944,0.39519655135713944,6.0
CCCOC1=CC=C(C=C1)C(O)=O,1,0.001,0.3895480581247732,0.3895480581247732,7.0
CC1=C(Cl)C=C(C=O)C(O)=C1,1,0.001,0.2913837581132128,0.2913837581132128,5.0
