cycle2_synthon,count,fraction,mean_copies,max_copies
c1ccc2c(n1)ccc(c2)N,114,0.5277777777777778,5.307017543859649,20.0
[n+]1(c(N)cccc1)[O-],21,0.09722222222222222,4.380952380952381,6.0
c1c(CN)cccc1CN,4,0.018518518518518517,8.0,14.0
c1(cc(cc(c1)C)C)CN,3,0.013888888888888888,5.666666666666667,9.0
C(c1cc(CN)ccc1)(F)(F)F,3,0.013888888888888888,4.0,4.0
c1(N)ccc(Cc2ccccc2)cc1,3,0.013888888888888888,9.666666666666666,18.0
C(=C)CNC1CCCCC1,3,0.013888888888888888,5.0,5.0
c1(c(CN)cccc1F)F,2,0.009259259259259259,4.0,4.0
c1cncc(c1)C1CCCCN1,2,0.009259259259259259,4.0,4.0
C(Oc1ccc(cc1)CN)(F)(F)F,2,0.009259259259259259,5.0,6.0
c1(c(ccc(c1)Cl)CN)Cl,2,0.009259259259259259,4.0,4.0
c1(ccc2c(c1)c(c[nH]2)CCN)C,2,0.009259259259259259,4.5,5.0
c1(c(N)cccc1)N,2,0.009259259259259259,4.5,5.0
N(c1ccccc1)CCO,2,0.009259259259259259,7.0,9.0
c1(ccc(cc1)CN)CN,2,0.009259259259259259,10.5,17.0
c1(c(CCC)cccc1)N,2,0.009259259259259259,5.0,6.0
C(C1CCC(N)CC1)(C)(C)C,1,0.004629629629629629,6.0,6.0
c1(c(ccc(c1)Cl)CN)F,1,0.004629629629629629,4.0,4.0
c1c(Cl)cccc1CN,1,0.004629629629629629,4.0,4.0
c1(c(ccc(c1)CN)O)OC,1,0.004629629629629629,4.0,4.0
c1(ccc(cc1)F)C(N)C,1,0.004629629629629629,4.0,4.0
c1(Cl)ccc(CC(N)C)cc1,1,0.004629629629629629,4.0,4.0
CC(CCN)C,1,0.004629629629629629,4.0,4.0
c1nccc(c1)Cc1ccc(cc1)N,1,0.004629629629629629,5.0,5.0
c1(c(CN)cccc1Cl)Cl,1,0.004629629629629629,4.0,4.0
c1(SC)ccc(cc1)CN,1,0.004629629629629629,4.0,4.0
c1(c(ccc(c1)Br)OC)CCN,1,0.004629629629629629,4.0,4.0
C(Sc1c(CN)cccc1)(F)(F)F,1,0.004629629629629629,4.0,4.0
C1(CC(CC(C1)C)N)(C)C,1,0.004629629629629629,4.0,4.0
N(CCC(C)C)CCC(C)C,1,0.004629629629629629,4.0,4.0
c12c(CC(C1)N)cccc2,1,0.004629629629629629,4.0,4.0
C(c1cc(c(cc1)Cl)CN)(F)(F)F,1,0.004629629629629629,4.0,4.0
c1(c(ccc(c1)C(F)(F)F)CN)F,1,0.004629629629629629,5.0,5.0
[C@@H]1([C@@H](CC[C@H](C1)C)C(C)C)N,1,0.004629629629629629,4.0,4.0
C1CCCC(C1O)N,1,0.004629629629629629,4.0,4.0
C(c1ccccc1)(c1ccccc1)CN,1,0.004629629629629629,7.0,7.0
c1(C(F)(F)F)c(ccc(c1)CN)Cl,1,0.004629629629629629,4.0,4.0
c1([C@H](Cc2ccc(cc2)C)N)ccccc1,1,0.004629629629629629,4.0,4.0
c1(c(N)cccc1)C(C)C,1,0.004629629629629629,4.0,4.0
c1(ccc(cc1)Br)[C@@H](N)C,1,0.004629629629629629,5.0,5.0
C(c1ccc(cc1)CN)(F)(F)F,1,0.004629629629629629,5.0,5.0
N(CCC)CCC,1,0.004629629629629629,4.0,4.0
c1(F)ccc(cc1)CNC,1,0.004629629629629629,4.0,4.0
C12C(CC(C1)CC2)N,1,0.004629629629629629,5.0,5.0
c1(c(F)cccc1F)CN,1,0.004629629629629629,7.0,7.0
c1(c(ccc(c1)Cl)Cl)CN,1,0.004629629629629629,4.0,4.0
c1(cccc(c1)CNC)C(F)(F)F,1,0.004629629629629629,11.0,11.0
c1([C@@H](NC)C)ccccc1,1,0.004629629629629629,46.0,46.0
N(Cc1ccccc1)CC,1,0.004629629629629629,4.0,4.0
c1(Cl)ccc(cc1)CNC,1,0.004629629629629629,5.0,5.0
N(CCCC)C,1,0.004629629629629629,4.0,4.0
C(=C)CNCC=C,1,0.004629629629629629,4.0,4.0
c1(ccc(cc1)C)[C@H](N)C,1,0.004629629629629629,4.0,4.0
c1c(c(cc(c1Cl)Cl)N)N,1,0.004629629629629629,4.0,4.0
c1(c(Cl)cccc1CN)C,1,0.004629629629629629,4.0,4.0
N(CCCN)(C)C,1,0.004629629629629629,4.0,4.0
c1(CN(C2CCCCC2)C)c(N)cccc1,1,0.004629629629629629,4.0,4.0
N(CC)CCCC,1,0.004629629629629629,4.0,4.0
c1(c(cc(o1)C)CN)C(F)(F)F,1,0.004629629629629629,6.0,6.0
c1(ccc(cc1)Br)[C@H](N)C,1,0.004629629629629629,4.0,4.0
c1(N)ccc(cc1)CCCCC,1,0.004629629629629629,10.0,10.0
N(C1CCCCC1)C,1,0.004629629629629629,4.0,4.0
c1(N)ccc(cc1)CCC,1,0.004629629629629629,7.0,7.0
